{
    "update/update-files/api-doc.txt": "api-doc.txt",
    "update/update-files/rider-api-doc.txt": "rider-api-doc.txt",
    "update/update-files/partner-api-doc.txt": "partner-api-doc.txt",
    "update/update-files/assets/no-profile-image.png": "assets/no-profile-image.png",
    "update/update-files/assets/admin/images/api_key_and_token.png": "assets/admin/images/api_key_and_token.png",
    "update/update-files/assets/admin/images/base_url_and_params.png": "assets/admin/images/base_url_and_params.png",
    "update/update-files/assets/admin/images/sms_gateway_1.png": "assets/admin/images/sms_gateway_1.png",
    "update/update-files/assets/admin/images/sms_gateway_2.png": "assets/admin/images/sms_gateway_2.png",
    "update/update-files/assets/admin/custom/custom.css": "assets/admin/custom/custom.css",
    "update/update-files/assets/admin/custom/pos.js": "assets/admin/custom/pos.js",
    "update/update-files/assets/admin/custom/custom.js": "assets/admin/custom/custom.js",
    "update/update-files/assets/admin/js/jquery.validate.min.js": "assets/admin/js/jquery.validate.min.js",
    "update/update-files/application/config/constants.php": "application/config/constants.php",
    "update/update-files/application/config/erestro.php": "application/config/erestro.php",
    "update/update-files/application/config/hooks.php": "application/config/hooks.php",
    "update/update-files/application/config/mimes.php": "application/config/mimes.php",
    "update/update-files/application/config/routes.php": "application/config/routes.php",
    "update/update-files/application/config/user_agents.php": "application/config/user_agents.php",
    "update/update-files/application/libraries/Jwt.php": "application/libraries/Jwt.php",
    "update/update-files/application/libraries/Key.php": "application/libraries/Key.php",
    "update/update-files/application/libraries/Midtrans.php": "application/libraries/Midtrans.php",
    "update/update-files/application/libraries/Phonepe.php": "application/libraries/Phonepe.php",
    "update/update-files/application/controllers/admin/About_us.php": "application/controllers/admin/About_us.php",
    "update/update-files/application/controllers/admin/Sales_inventory.php": "application/controllers/admin/Sales_inventory.php",
    "update/update-files/application/controllers/admin/Area.php": "application/controllers/admin/Area.php",
    "update/update-files/application/controllers/admin/Attributes.php": "application/controllers/admin/Attributes.php",
    "update/update-files/application/controllers/admin/Authentication_settings.php": "application/controllers/admin/Authentication_settings.php",
    "update/update-files/application/controllers/admin/Category.php": "application/controllers/admin/Category.php",
    "update/update-files/application/controllers/admin/Client_api_keys.php": "application/controllers/admin/Client_api_keys.php",
    "update/update-files/application/controllers/admin/Contact_us.php": "application/controllers/admin/Contact_us.php",
    "update/update-files/application/controllers/admin/Cron_job.php": "application/controllers/admin/Cron_job.php",
    "update/update-files/application/controllers/admin/Custom_notification.php": "application/controllers/admin/Custom_notification.php",
    "update/update-files/application/controllers/admin/Customer.php": "application/controllers/admin/Customer.php",
    "update/update-files/application/controllers/admin/Email_settings.php": "application/controllers/admin/Email_settings.php",
    "update/update-files/application/controllers/admin/Faq.php": "application/controllers/admin/Faq.php",
    "update/update-files/application/controllers/admin/Featured_sections.php": "application/controllers/admin/Featured_sections.php",
    "update/update-files/application/controllers/admin/Fund_transfer.php": "application/controllers/admin/Fund_transfer.php",
    "update/update-files/application/controllers/admin/Home.php": "application/controllers/admin/Home.php",
    "update/update-files/application/controllers/admin/Invoice.php": "application/controllers/admin/Invoice.php",
    "update/update-files/application/controllers/admin/Login.php": "application/controllers/admin/Login.php",
    "update/update-files/application/controllers/admin/Media.php": "application/controllers/admin/Media.php",
    "update/update-files/application/controllers/admin/Migrate.php": "application/controllers/admin/Migrate.php",
    "update/update-files/application/controllers/admin/Notification_settings.php": "application/controllers/admin/Notification_settings.php",
    "update/update-files/application/controllers/admin/Offer.php": "application/controllers/admin/Offer.php",
    "update/update-files/application/controllers/admin/Orders.php": "application/controllers/admin/Orders.php",
    "update/update-files/application/controllers/admin/Partner_privacy_policy.php": "application/controllers/admin/Partner_privacy_policy.php",
    "update/update-files/application/controllers/admin/Partners.php": "application/controllers/admin/Partners.php",
    "update/update-files/application/controllers/admin/Payment_request.php": "application/controllers/admin/Payment_request.php",
    "update/update-files/application/controllers/admin/Payment_settings.php": "application/controllers/admin/Payment_settings.php",
    "update/update-files/application/controllers/admin/Privacy_policy.php": "application/controllers/admin/Privacy_policy.php",
    "update/update-files/application/controllers/admin/Language.php": "application/controllers/admin/Language.php",
    "update/update-files/application/controllers/admin/Web_setting.php": "application/controllers/admin/Web_setting.php",
    "update/update-files/application/controllers/admin/Product.php": "application/controllers/admin/Product.php",
    "update/update-files/application/controllers/admin/Promo_code.php": "application/controllers/admin/Promo_code.php",
    "update/update-files/application/controllers/admin/Purchase_code.php": "application/controllers/admin/Purchase_code.php",
    "update/update-files/application/controllers/admin/Return_request.php": "application/controllers/admin/Return_request.php",
    "update/update-files/application/controllers/admin/Rider_privacy_policy.php": "application/controllers/admin/Rider_privacy_policy.php",
    "update/update-files/application/controllers/admin/Riders.php": "application/controllers/admin/Riders.php",
    "update/update-files/application/controllers/admin/Setting.php": "application/controllers/admin/Setting.php",
    "update/update-files/application/controllers/admin/Slider.php": "application/controllers/admin/Slider.php",
    "update/update-files/application/controllers/admin/Sms_gateway_settings.php": "application/controllers/admin/Sms_gateway_settings.php",
    "update/update-files/application/controllers/admin/System_users.php": "application/controllers/admin/System_users.php",
    "update/update-files/application/controllers/admin/Tag.php": "application/controllers/admin/Tag.php",
    "update/update-files/application/controllers/admin/Taxes.php": "application/controllers/admin/Taxes.php",
    "update/update-files/application/controllers/admin/Tickets.php": "application/controllers/admin/Tickets.php",
    "update/update-files/application/controllers/admin/Transaction.php": "application/controllers/admin/Transaction.php",
    "update/update-files/application/controllers/admin/Updater.php": "application/controllers/admin/Updater.php",
    "update/update-files/application/controllers/app/v1/Api.php": "application/controllers/app/v1/Api.php",
    "update/update-files/application/controllers/partner/app/v1/Api.php": "application/controllers/partner/app/v1/Api.php",
    "update/update-files/application/controllers/partner/Area.php": "application/controllers/partner/Area.php",
    "update/update-files/application/controllers/partner/Sales_inventory.php": "application/controllers/partner/Sales_inventory.php",
    "update/update-files/application/controllers/partner/Point_of_sale.php": "application/controllers/partner/Point_of_sale.php",
    "update/update-files/application/controllers/partner/Attributes.php": "application/controllers/partner/Attributes.php",
    "update/update-files/application/controllers/partner/Auth.php": "application/controllers/partner/Auth.php",
    "update/update-files/application/controllers/partner/Category.php": "application/controllers/partner/Category.php",
    "update/update-files/application/controllers/partner/Home.php": "application/controllers/partner/Home.php",
    "update/update-files/application/controllers/partner/Invoice.php": "application/controllers/partner/Invoice.php",
    "update/update-files/application/controllers/partner/Login.php": "application/controllers/partner/Login.php",
    "update/update-files/application/controllers/partner/Media.php": "application/controllers/partner/Media.php",
    "update/update-files/application/controllers/partner/Orders.php": "application/controllers/partner/Orders.php",
    "update/update-files/application/controllers/partner/Payment_request.php": "application/controllers/partner/Payment_request.php",
    "update/update-files/application/controllers/partner/Product.php": "application/controllers/partner/Product.php",
    "update/update-files/application/controllers/partner/Promo_code.php": "application/controllers/partner/Promo_code.php",
    "update/update-files/application/controllers/partner/Tag.php": "application/controllers/partner/Tag.php",
    "update/update-files/application/controllers/partner/Taxes.php": "application/controllers/partner/Taxes.php",
    "update/update-files/application/controllers/partner/Transaction.php": "application/controllers/partner/Transaction.php",
    "update/update-files/application/controllers/rider/app/v1/Api.php": "application/controllers/rider/app/v1/Api.php",
    "update/update-files/application/controllers/rider/Fund_transfer.php": "application/controllers/rider/Fund_transfer.php",
    "update/update-files/application/controllers/rider/Home.php": "application/controllers/rider/Home.php",
    "update/update-files/application/controllers/rider/Login.php": "application/controllers/rider/Login.php",
    "update/update-files/application/controllers/rider/Orders.php": "application/controllers/rider/Orders.php",
    "update/update-files/application/controllers/Auth.php": "application/controllers/Auth.php",
    "update/update-files/application/helpers/bootstrap_table_helper.php": "application/helpers/bootstrap_table_helper.php",
    "update/update-files/application/helpers/function_helper.php": "application/helpers/function_helper.php",
    "update/update-files/application/helpers/timezone_helper.php": "application/helpers/timezone_helper.php",
    "update/update-files/application/helpers/sms_helper.php": "application/helpers/sms_helper.php",
    "update/update-files/application/hooks/MyConfig.php": "application/hooks/MyConfig.php",
    "update/update-files/application/hooks/timezone.php": "application/hooks/timezone.php",
    "update/update-files/application/migrations/001_cancel_order_reason.php": "application/migrations/001_cancel_order_reason.php",
    "update/update-files/application/migrations/002_order_rating.php": "application/migrations/002_order_rating.php",
    "update/update-files/application/migrations/003_social_login.php": "application/migrations/003_social_login.php",
    "update/update-files/application/migrations/004_product_timing.php": "application/migrations/004_product_timing.php",
    "update/update-files/application/migrations/005_pos.php": "application/migrations/005_pos.php",
    "update/update-files/application/migrations/006_custom_notifications.php": "application/migrations/006_custom_notifications.php",
    "update/update-files/application/migrations/007_sms_gateway.php": "application/migrations/007_sms_gateway.php",
    "update/update-files/application/models/Address_model.php": "application/models/Address_model.php",
    "update/update-files/application/models/Sales_inventory_model.php": "application/models/Sales_inventory_model.php",
    "update/update-files/application/models/Point_of_sale_model.php": "application/models/Point_of_sale_model.php",
    "update/update-files/application/models/Area_model.php": "application/models/Area_model.php",
    "update/update-files/application/models/Attribute_model.php": "application/models/Attribute_model.php",
    "update/update-files/application/models/Cart_model.php": "application/models/Cart_model.php",
    "update/update-files/application/models/Category_model.php": "application/models/Category_model.php",
    "update/update-files/application/models/Client_apikeys_model.php": "application/models/Client_apikeys_model.php",
    "update/update-files/application/models/Custom_notification_model.php": "application/models/Custom_notification_model.php",
    "update/update-files/application/models/Customer_model.php": "application/models/Customer_model.php",
    "update/update-files/application/models/Faq_model.php": "application/models/Faq_model.php",
    "update/update-files/application/models/Featured_section_model.php": "application/models/Featured_section_model.php",
    "update/update-files/application/models/Fund_transfers_model.php": "application/models/Fund_transfers_model.php",
    "update/update-files/application/models/Home_model.php": "application/models/Home_model.php",
    "update/update-files/application/models/Invoice_model.php": "application/models/Invoice_model.php",
    "update/update-files/application/models/Ion_auth_model.php": "application/models/Ion_auth_model.php",
    "update/update-files/application/models/Language_model.php": "application/models/Language_model.php",
    "update/update-files/application/models/Media_model.php": "application/models/Media_model.php",
    "update/update-files/application/models/Notification_model.php": "application/models/Notification_model.php",
    "update/update-files/application/models/Offer_model.php": "application/models/Offer_model.php",
    "update/update-files/application/models/Order_model.php": "application/models/Order_model.php",
    "update/update-files/application/models/Partner_model.php": "application/models/Partner_model.php",
    "update/update-files/application/models/Payment_request_model.php": "application/models/Payment_request_model.php",
    "update/update-files/application/models/Product_model.php": "application/models/Product_model.php",
    "update/update-files/application/models/Promo_code_model.php": "application/models/Promo_code_model.php",
    "update/update-files/application/models/Rating_model.php": "application/models/Rating_model.php",
    "update/update-files/application/models/Rider_model.php": "application/models/Rider_model.php",
    "update/update-files/application/models/Setting_model.php": "application/models/Setting_model.php",
    "update/update-files/application/models/Slider_model.php": "application/models/Slider_model.php",
    "update/update-files/application/models/System_users_model.php": "application/models/System_users_model.php",
    "update/update-files/application/models/Tag_model.php": "application/models/Tag_model.php",
    "update/update-files/application/models/Tax_model.php": "application/models/Tax_model.php",
    "update/update-files/application/models/Ticket_model.php": "application/models/Ticket_model.php",
    "update/update-files/application/models/Transaction_model.php": "application/models/Transaction_model.php",
    "update/update-files/application/views/partner_thermal_invoice.php": "application/views/partner_thermal_invoice.php",
    "update/update-files/application/views/admin/include-footer.php": "application/views/admin/include-footer.php",
    "update/update-files/application/views/thermal_invoice.php": "application/views/thermal_invoice.php",
    "update/update-files/application/views/admin/include-head.php": "application/views/admin/include-head.php",
    "update/update-files/application/views/admin/include-navbar.php": "application/views/admin/include-navbar.php",
    "update/update-files/application/views/admin/include-script.php": "application/views/admin/include-script.php",
    "update/update-files/application/views/admin/include-sidebar.php": "application/views/admin/include-sidebar.php",
    "update/update-files/application/views/admin/invoice-template.php": "application/views/admin/invoice-template.php",
    "update/update-files/application/views/admin/login.php": "application/views/admin/login.php",
    "update/update-files/application/views/admin/template.php": "application/views/admin/template.php",
    "update/update-files/application/views/admin/pages/forms/about-us.php": "application/views/admin/pages/forms/about-us.php",
    "update/update-files/application/views/admin/pages/forms/admin-privacy-policy.php": "application/views/admin/pages/forms/admin-privacy-policy.php",
    "update/update-files/application/views/admin/pages/forms/category-bulk-upload.php": "application/views/admin/pages/forms/category-bulk-upload.php",
    "update/update-files/application/views/admin/pages/forms/attribute.php": "application/views/admin/pages/forms/attribute.php",
    "update/update-files/application/views/admin/pages/forms/authentication-settings.php": "application/views/admin/pages/forms/authentication-settings.php",
    "update/update-files/application/views/admin/pages/forms/category.php": "application/views/admin/pages/forms/category.php",
    "update/update-files/application/views/admin/pages/forms/change-password.php": "application/views/admin/pages/forms/change-password.php",
    "update/update-files/application/views/admin/pages/forms/contact-us.php": "application/views/admin/pages/forms/contact-us.php",
    "update/update-files/application/views/admin/pages/forms/custome-notification-settings.php": "application/views/admin/pages/forms/custome-notification-settings.php",
    "update/update-files/application/views/admin/pages/forms/web-settings.php": "application/views/admin/pages/forms/web-settings.php",
    "update/update-files/application/views/admin/pages/forms/languages.php": "application/views/admin/pages/forms/languages.php",
    "update/update-files/application/views/admin/pages/forms/edit-orders.php": "application/views/admin/pages/forms/edit-orders.php",
    "update/update-files/application/views/admin/pages/forms/email-settings.php": "application/views/admin/pages/forms/email-settings.php",
    "update/update-files/application/views/admin/pages/forms/firebase-settings.php": "application/views/admin/pages/forms/firebase-settings.php",
    "update/update-files/application/views/admin/pages/forms/forgot-password.php": "application/views/admin/pages/forms/forgot-password.php",
    "update/update-files/application/views/admin/pages/forms/home.php": "application/views/admin/pages/forms/home.php",
    "update/update-files/application/views/admin/pages/forms/login.php": "application/views/admin/pages/forms/login.php",
    "update/update-files/application/views/admin/pages/forms/notification-settings.php": "application/views/admin/pages/forms/notification-settings.php",
    "update/update-files/application/views/admin/pages/forms/offers.php": "application/views/admin/pages/forms/offers.php",
    "update/update-files/application/views/admin/pages/forms/partner-privacy-policy.php": "application/views/admin/pages/forms/partner-privacy-policy.php",
    "update/update-files/application/views/admin/pages/forms/partner.php": "application/views/admin/pages/forms/partner.php",
    "update/update-files/application/views/admin/pages/forms/payment-settings.php": "application/views/admin/pages/forms/payment-settings.php",
    "update/update-files/application/views/admin/pages/forms/privacy-policy.php": "application/views/admin/pages/forms/privacy-policy.php",
    "update/update-files/application/views/admin/pages/forms/product.php": "application/views/admin/pages/forms/product.php",
    "update/update-files/application/views/admin/pages/forms/profile.php": "application/views/admin/pages/forms/profile.php",
    "update/update-files/application/views/admin/pages/forms/promo-code.php": "application/views/admin/pages/forms/promo-code.php",
    "update/update-files/application/views/admin/pages/forms/purchase-code.php": "application/views/admin/pages/forms/purchase-code.php",
    "update/update-files/application/views/admin/pages/forms/reset_password.php": "application/views/admin/pages/forms/reset_password.php",
    "update/update-files/application/views/admin/pages/forms/rider-privacy-policy.php": "application/views/admin/pages/forms/rider-privacy-policy.php",
    "update/update-files/application/views/admin/pages/forms/rider.php": "application/views/admin/pages/forms/rider.php",
    "update/update-files/application/views/admin/pages/forms/settings.php": "application/views/admin/pages/forms/settings.php",
    "update/update-files/application/views/admin/pages/forms/slider.php": "application/views/admin/pages/forms/slider.php",
    "update/update-files/application/views/admin/pages/forms/sms-gateway-settings.php": "application/views/admin/pages/forms/sms-gateway-settings.php",
    "update/update-files/application/views/admin/pages/forms/system-users.php": "application/views/admin/pages/forms/system-users.php",
    "update/update-files/application/views/admin/pages/forms/tag.php": "application/views/admin/pages/forms/tag.php",
    "update/update-files/application/views/admin/pages/forms/tax.php": "application/views/admin/pages/forms/tax.php",
    "update/update-files/application/views/admin/pages/forms/ticket-type.php": "application/views/admin/pages/forms/ticket-type.php",
    "update/update-files/application/views/admin/pages/forms/updater.php": "application/views/admin/pages/forms/updater.php",
    "update/update-files/application/views/admin/pages/tables/cash-collection.php": "application/views/admin/pages/tables/cash-collection.php",
    "update/update-files/application/views/admin/pages/tables/category-order.php": "application/views/admin/pages/tables/category-order.php",
    "update/update-files/application/views/admin/pages/tables/customer-wallet.php": "application/views/admin/pages/tables/customer-wallet.php",
    "update/update-files/application/views/admin/pages/tables/edit-form.php": "application/views/admin/pages/tables/edit-form.php",
    "update/update-files/application/views/admin/pages/tables/sales-inventory.php": "application/views/admin/pages/tables/sales-inventory.php",
    "update/update-files/application/views/admin/pages/tables/featured_section.php": "application/views/admin/pages/tables/featured_section.php",
    "update/update-files/application/views/admin/pages/tables/manage-address.php": "application/views/admin/pages/tables/manage-address.php",
    "update/update-files/application/views/admin/pages/tables/manage-attribute.php": "application/views/admin/pages/tables/manage-attribute.php",
    "update/update-files/application/views/admin/pages/tables/manage-category.php": "application/views/admin/pages/tables/manage-category.php",
    "update/update-files/application/views/admin/pages/tables/manage-city-outlines.php": "application/views/admin/pages/tables/manage-city-outlines.php",
    "update/update-files/application/views/admin/pages/tables/manage-city.php": "application/views/admin/pages/tables/manage-city.php",
    "update/update-files/application/views/admin/pages/tables/manage-client-api-keys.php": "application/views/admin/pages/tables/manage-client-api-keys.php",
    "update/update-files/application/views/admin/pages/tables/manage-customer-wallet.php": "application/views/admin/pages/tables/manage-customer-wallet.php",
    "update/update-files/application/views/admin/pages/tables/manage-customer.php": "application/views/admin/pages/tables/manage-customer.php",
    "update/update-files/application/views/admin/pages/tables/manage-faq.php": "application/views/admin/pages/tables/manage-faq.php",
    "update/update-files/application/views/admin/pages/tables/manage-fund-transfers.php": "application/views/admin/pages/tables/manage-fund-transfers.php",
    "update/update-files/application/views/admin/pages/tables/manage-notifications.php": "application/views/admin/pages/tables/manage-notifications.php",
    "update/update-files/application/views/admin/pages/tables/manage-offers.php": "application/views/admin/pages/tables/manage-offers.php",
    "update/update-files/application/views/admin/pages/tables/manage-orders.php": "application/views/admin/pages/tables/manage-orders.php",
    "update/update-files/application/views/admin/pages/tables/manage-product.php": "application/views/admin/pages/tables/manage-product.php",
    "update/update-files/application/views/admin/pages/tables/manage-promo-code.php": "application/views/admin/pages/tables/manage-promo-code.php",
    "update/update-files/application/views/admin/pages/tables/manage-rider.php": "application/views/admin/pages/tables/manage-rider.php",
    "update/update-files/application/views/admin/pages/tables/manage-slider.php": "application/views/admin/pages/tables/manage-slider.php",
    "update/update-files/application/views/admin/pages/tables/manage-subcategory.php": "application/views/admin/pages/tables/manage-subcategory.php",
    "update/update-files/application/views/admin/pages/tables/manage-system-users.php": "application/views/admin/pages/tables/manage-system-users.php",
    "update/update-files/application/views/admin/pages/tables/manage-tag.php": "application/views/admin/pages/tables/manage-tag.php",
    "update/update-files/application/views/admin/pages/tables/manage-taxes.php": "application/views/admin/pages/tables/manage-taxes.php",
    "update/update-files/application/views/admin/pages/tables/manage-ticket-types.php": "application/views/admin/pages/tables/manage-ticket-types.php",
    "update/update-files/application/views/admin/pages/tables/partner-wallet.php": "application/views/admin/pages/tables/partner-wallet.php",
    "update/update-files/application/views/admin/pages/tables/payment-request.php": "application/views/admin/pages/tables/payment-request.php",
    "update/update-files/application/views/admin/pages/tables/products-order.php": "application/views/admin/pages/tables/products-order.php",
    "update/update-files/application/views/admin/pages/tables/return-request.php": "application/views/admin/pages/tables/return-request.php",
    "update/update-files/application/views/admin/pages/tables/section-order.php": "application/views/admin/pages/tables/section-order.php",
    "update/update-files/application/views/admin/pages/tables/tickets.php": "application/views/admin/pages/tables/tickets.php",
    "update/update-files/application/views/admin/pages/tables/transaction.php": "application/views/admin/pages/tables/transaction.php",
    "update/update-files/application/views/admin/pages/view/api-order-invoice.php": "application/views/admin/pages/view/api-order-invoice.php",
    "update/update-files/application/views/admin/pages/view/email-template.php": "application/views/admin/pages/view/email-template.php",
    "update/update-files/application/views/admin/pages/view/invoice.php": "application/views/admin/pages/view/invoice.php",
    "update/update-files/application/views/admin/pages/view/media-gallary.php": "application/views/admin/pages/view/media-gallary.php",
    "update/update-files/application/views/admin/pages/view/privacy-policy.php": "application/views/admin/pages/view/privacy-policy.php",
    "update/update-files/application/views/admin/pages/view/products.php": "application/views/admin/pages/view/products.php",
    "update/update-files/application/views/admin/pages/view/system-status.php": "application/views/admin/pages/view/system-status.php",
    "update/update-files/application/views/admin/pages/view/terms-and-conditions.php": "application/views/admin/pages/view/terms-and-conditions.php",
    "update/update-files/application/views/admin/pages/view/api-thermal-invoice.php": "application/views/admin/pages/view/api-thermal-invoice.php",
    "update/update-files/application/views/partner/include-footer.php": "application/views/partner/include-footer.php",
    "update/update-files/application/views/partner/include-head.php": "application/views/partner/include-head.php",
    "update/update-files/application/views/partner/include-navbar.php": "application/views/partner/include-navbar.php",
    "update/update-files/application/views/partner/include-script.php": "application/views/partner/include-script.php",
    "update/update-files/application/views/partner/include-sidebar.php": "application/views/partner/include-sidebar.php",
    "update/update-files/application/views/partner/invoice-template.php": "application/views/partner/invoice-template.php",
    "update/update-files/application/views/partner/login.php": "application/views/partner/login.php",
    "update/update-files/application/views/partner/template.php": "application/views/partner/template.php",
    "update/update-files/application/views/partner/pages/forms/attribute.php": "application/views/partner/pages/forms/attribute.php",
    "update/update-files/application/views/partner/pages/forms/change-password.php": "application/views/partner/pages/forms/change-password.php",
    "update/update-files/application/views/partner/pages/forms/bulk-upload.php": "application/views/partner/pages/forms/bulk-upload.php",
    "update/update-files/application/views/partner/pages/forms/edit-orders.php": "application/views/partner/pages/forms/edit-orders.php",
    "update/update-files/application/views/partner/pages/forms/promo-code.php": "application/views/partner/pages/forms/promo-code.php",
    "update/update-files/application/views/partner/pages/forms/home.php": "application/views/partner/pages/forms/home.php",
    "update/update-files/application/views/partner/pages/forms/login.php": "application/views/partner/pages/forms/login.php",
    "update/update-files/application/views/partner/pages/forms/partner-registration.php": "application/views/partner/pages/forms/partner-registration.php",
    "update/update-files/application/views/partner/pages/forms/product.php": "application/views/partner/pages/forms/product.php",
    "update/update-files/application/views/partner/pages/forms/profile.php": "application/views/partner/pages/forms/profile.php",
    "update/update-files/application/views/partner/pages/forms/send-withdrawal-request.php": "application/views/partner/pages/forms/send-withdrawal-request.php",
    "update/update-files/application/views/partner/pages/forms/tag.php": "application/views/partner/pages/forms/tag.php",
    "update/update-files/application/views/partner/pages/tables/manage-attribute.php": "application/views/partner/pages/tables/manage-attribute.php",
    "update/update-files/application/views/partner/pages/tables/manage-category.php": "application/views/partner/pages/tables/manage-category.php",
    "update/update-files/application/views/partner/pages/tables/manage-city.php": "application/views/partner/pages/tables/manage-city.php",
    "update/update-files/application/views/partner/pages/tables/sales-inventory.php": "application/views/partner/pages/tables/sales-inventory.php",
    "update/update-files/application/views/partner/pages/tables/manage-orders.php": "application/views/partner/pages/tables/manage-orders.php",
    "update/update-files/application/views/partner/pages/tables/manage-product.php": "application/views/partner/pages/tables/manage-product.php",
    "update/update-files/application/views/partner/pages/tables/manage-promo-code.php": "application/views/partner/pages/tables/manage-promo-code.php",
    "update/update-files/application/views/partner/pages/tables/manage-tag.php": "application/views/partner/pages/tables/manage-tag.php",
    "update/update-files/application/views/partner/pages/tables/manage-taxes.php": "application/views/partner/pages/tables/manage-taxes.php",
    "update/update-files/application/views/partner/pages/tables/partner-wallet.php": "application/views/partner/pages/tables/partner-wallet.php",
    "update/update-files/application/views/partner/pages/tables/withdrawal-request.php": "application/views/partner/pages/tables/withdrawal-request.php",
    "update/update-files/application/views/partner/pages/view/invoice.php": "application/views/partner/pages/view/invoice.php",
    "update/update-files/application/views/partner/pages/view/media-gallary.php": "application/views/partner/pages/view/media-gallary.php",
    "update/update-files/application/views/partner/pages/view/products.php": "application/views/partner/pages/view/products.php",
    "update/update-files/application/views/partner/pages/view/point-of-sale.php": "application/views/partner/pages/view/point-of-sale.php",
    "update/update-files/application/views/rider/include-footer.php": "application/views/rider/include-footer.php",
    "update/update-files/application/views/rider/include-head.php": "application/views/rider/include-head.php",
    "update/update-files/application/views/rider/include-navbar.php": "application/views/rider/include-navbar.php",
    "update/update-files/application/views/rider/include-script.php": "application/views/rider/include-script.php",
    "update/update-files/application/views/rider/include-sidebar.php": "application/views/rider/include-sidebar.php",
    "update/update-files/application/views/rider/login.php": "application/views/rider/login.php",
    "update/update-files/application/views/rider/template.php": "application/views/rider/template.php",
    "update/update-files/application/views/rider/pages/forms/change-password.php": "application/views/rider/pages/forms/change-password.php",
    "update/update-files/application/views/rider/pages/forms/edit-orders.php": "application/views/rider/pages/forms/edit-orders.php",
    "update/update-files/application/views/rider/pages/forms/home.php": "application/views/rider/pages/forms/home.php",
    "update/update-files/application/views/rider/pages/forms/login.php": "application/views/rider/pages/forms/login.php",
    "update/update-files/application/views/rider/pages/forms/profile.php": "application/views/rider/pages/forms/profile.php",
    "update/update-files/application/views/rider/pages/tables/cash-collection.php": "application/views/rider/pages/tables/cash-collection.php",
    "update/update-files/application/views/rider/pages/tables/manage-fund-transfers.php": "application/views/rider/pages/tables/manage-fund-transfers.php",
    "update/update-files/application/views/rider/pages/tables/manage-orders.php": "application/views/rider/pages/tables/manage-orders.php"
}
